-- Insertion in Tables:
-- User Types
INSERT INTO User_Type (UserTypeID, UserType) VALUES 
(1, 'Voter'),
(2, 'Admin');

-- Candidate Types
INSERT INTO Candidate_Type (CandidateTypeID, CandidateType) VALUES 
(100, 'National'),
(101, 'Provincial');

-- Election Types
INSERT INTO Election (ElectionID, ElectionType) VALUES 
(200, 'General'),
(201, 'By-Election');

-- Political Parties
INSERT INTO Party (PartyID, PartyName, Symbol, PartyLeader) VALUES 
(11, 'PTI', 'Bat', 'Imran Khan'),
(12, 'PMLN', 'Lion', 'Nawaz Sharif'),
(13, 'PPP', 'Arrow', 'Bilawal Bhutto'),
(14, 'MQM', 'Kite', 'Altaf Hussain'),
(15, 'JUI', 'Book', 'Fazlur Rehman');

-- Insert Address data
INSERT INTO Address (DistrictID, Locality, City, State, Zip) VALUES
(234, 'Model Town', 'Lahore', 'Punjab', '54000'),
(235, 'Clifton', 'Karachi', 'Sindh', '75600'),
(261, 'Zamzama', 'Karachi', 'Sindh', '75000'),
(262, 'F-8', 'Islamabad', 'Capital Territory', '44010'),
(263, 'E-11', 'Islamabad', 'Capital Territory', '44020'),
(264, 'Gulshan-e-Iqbal', 'Karachi', 'Sindh', '75300'),
(265, 'H-9', 'Islamabad', 'Capital Territory', '44030'),
(266, 'Khalid Market', 'Lahore', 'Punjab', '54010'),
(267, 'Iqbal Town', 'Lahore', 'Punjab', '54050'),
(268, 'Bahria Town', 'Islamabad', 'Capital Territory', '44060'),
(269, 'Bakeri Road', 'Karachi', 'Sindh', '74600'),
(270, 'Defence Road', 'Lahore', 'Punjab', '54320'),
(271, 'Rawat', 'Rawalpindi', 'Punjab', '47010'),
(272, 'Park Road', 'Islamabad', 'Capital Territory', '44070'),
(273, 'Saddar Bazar', 'Peshawar', 'Khyber Pakhtunkhwa', '25110'),
(274, 'Sargodha Road', 'Faisalabad', 'Punjab', '38060'),
(275, 'Shahrah-e-Faisal', 'Karachi', 'Sindh', '74800'),
(276, 'Cantt. Rawalpindi', 'Rawalpindi', 'Punjab', '46050'),
(277, 'Azizabad', 'Karachi', 'Sindh', '74500'),
(278, 'Zia Colony', 'Faisalabad', 'Punjab', '38070'),
(279, 'Gulberg', 'Lahore', 'Punjab', '54060'),
(280, 'North Nazimabad', 'Karachi', 'Sindh', '74700'),
(281, 'Faisalabad Road', 'Lahore', 'Punjab', '54080'),
(282, 'G-10', 'Islamabad', 'Capital Territory', '44090'),
(283, 'Saddar', 'Karachi', 'Sindh', '74610'),
(284, 'Bahria Enclave', 'Islamabad', 'Capital Territory', '44100'),
(285, 'DHA Phase 5', 'Karachi', 'Sindh', '75610'),
(286, 'Gulshan-e-Jamal', 'Karachi', 'Sindh', '75310'),
(287, 'Wah Cantt', 'Wah', 'Punjab', '47020'),
(288, 'Mardan', 'Mardan', 'Khyber Pakhtunkhwa', '25120'),
(289, 'Sukkur', 'Sukkur', 'Sindh', '65200'),
(290, 'Multan', 'Multan', 'Punjab', '60000');

-- Insert Voter data 
INSERT INTO Voter (CNIC, FirstName, LastName, MotherName, FatherName, Sex, Birthday, Phone, DistrictID) VALUES
('3520-1345-9877', 'Hassan', 'Ali', 'Amna', 'Shahzad', 'Male', '1986-02-14', '03212223456', 234),
('4210-7895-2346', 'Muneeb', 'Iqbal', 'Ayesha', 'Khan', 'Male', '1991-11-30', '03317654322', 235),
('3310-8855-6678', 'Sara', 'Mujtaba', 'Rubina', 'Akram', 'Female', '1988-05-12', '03412345679', 234),
('4310-5555-3345', 'Tariq', 'Mehmood', 'Sadia', 'Jamil', 'Male', '1992-03-08', '03215678902', 235),
('3120-9087-1123', 'Kamran', 'Raza', 'Nadia', 'Ilyas', 'Male', '1984-07-24', '03461231235', 234),
('4200-5674-3342', 'Sana', 'Iftikhar', 'Amina', 'Shah', 'Female', '1990-09-10', '03124561279', 235),
('3321-5445-9989', 'Usman', 'Nashit', 'Asma', 'Shahid', 'Male', '1995-08-02', '03161238946', 234),
('3412-6754-9989', 'Raza', 'Gulzar', 'Shehla', 'Ali', 'Male', '1993-06-14', '03331554790', 235),
('3564-8392-1291', 'Madiha', 'Ali', 'Sarah', 'Khan', 'Female', '1991-12-11', '03471239877', 234),
('4219-9874-6453', 'Sami', 'Rehman', 'Kiran', 'Akram', 'Male', '1987-04-18', '03151230099',  235),
('4532-7654-1235', 'Zahra', 'Bukhari', 'Sumaira', 'Hussain', 'Female', '1990-11-06', '03215879236', 234),
('5678-3211-8766', 'Adeel', 'Zafar', 'Saba', 'Ishaq', 'Male', '1986-01-30', '03321234568', 235),
('6789-2345-1123', 'Raheel', 'Nawaz', 'Jameela', 'Shahzad', 'Male', '1988-08-13', '03434567891', 234),
('7890-5678-9013', 'Mariam', 'Saeed', 'Nida', 'Tariq', 'Female', '1994-05-23', '03134567891', 235),
('8901-2345-6790', 'Asim', 'Raza', 'Lubna', 'Shahzad', 'Male', '1987-02-14', '03256789013', 234),
('9012-3456-7891', 'Nazia', 'Shah', 'Anusha', 'Ahmed', 'Female', '1991-09-03', '03341234568', 235),
('1122-2334-4456', 'Bilal', 'Khan', 'Rashida', 'Anwar', 'Male', '1993-12-21', '03412345680', 234),
('2233-4455-6678', 'Faisal', 'Shah', 'Saba', 'Amir', 'Male', '1986-06-25', '03234567891', 235),
('3321-5445-9990', 'Nida', 'Iqbal', 'Hira', 'Khan', 'Female', '1990-10-11', '03161238947', 234),
('4422-5566-7788', 'Ahmed', 'Raza', 'Farida', 'Kamal', 'Male', '1989-07-19', '03331234567', 235),
('1234-5678-9012', 'Ali', 'Khan', 'Fatima', 'Hussain', 'Male', '1995-01-01', '03234567892', 234),
('2345-6789-0123', 'Zain', 'Ali', 'Nadia', 'Shah', 'Male', '1992-02-02', '03345678901', 235),
('3456-7890-1234', 'Hira', 'Khan', 'Sadia', 'Ali', 'Female', '1994-03-03', '03456789012', 234),
('4567-8901-2345', 'Omer', 'Raza', 'Ayesha', 'Khan', 'Male', '1988-04-04', '03123456789', 235),
('5678-9012-3456', 'Sadia', 'Ali', 'Nida', 'Shah', 'Female', '1990-05-05', '03467890123', 234),
('6789-0123-4567', 'Tariq', 'Mehmood', 'Sana', 'Khan', 'Male', '1985-06-06', '03234567890', 235),
('7890-1234-5678', 'Ayesha', 'Khan', 'Fatima', 'Ali', 'Female', '1993-07-07', '03345678902', 234),
('8901-2345-6789', 'Bilal', 'Khan', 'Nadia', 'Shah', 'Male', '1991-08-08', '03123456788', 235),
('9012-3456-7890', 'Nida', 'Iqbal', 'Hira', 'Khan', 'Female', '1992-09-09', '03456789011', 234);

-- Insert User data - Fixed to only use CNICs that exist in the Voter table
INSERT INTO UserAccount (VoterID, Def_Password, IsActive, CNIC, UserTypeID) VALUES
('V119', 'password000', 1, '3520-1345-9877', 1),
('V120', 'password111', 1, '4210-7895-2346', 1),
('V121', 'password222', 1, '3310-8855-6678', 1),
('V122', 'password333', 1, '4310-5555-3345', 1),
('V123', 'password444', 1, '3120-9087-1123', 1),
('V124', 'password555', 1, '4200-5674-3342', 1),
('V125', 'password666', 1, '3321-5445-9989', 1),
('V126', 'password777', 1, '3412-6754-9989', 1),
('V127', 'password888', 1, '3564-8392-1291', 1),
('V128', 'password999', 1, '4219-9874-6453', 1),
('V129', 'password0001', 1, '4532-7654-1235', 1),
('V130', 'password1111', 1, '5678-3211-8766', 1),
('V131', 'password2222', 1, '6789-2345-1123', 1),
('V132', 'password3333', 1, '7890-5678-9013', 1),
('V133', 'password4444', 1, '8901-2345-6790', 1),
('V134', 'password5555', 1, '9012-3456-7891', 1),
('V135', 'password6666', 1, '1122-2334-4456', 1),
('V136', 'password7777', 1, '2233-4455-6678', 1),
('V137', 'password8888', 1, '3321-5445-9990', 1),
('A100', 'admin123', 1, '4422-5566-7788', 2),
('V138', 'password9999', 1, '1234-5678-9012', 1),
('V139', 'password1010', 1, '2345-6789-0123', 1),
('V140', 'password2020', 1, '3456-7890-1234', 1),
('V141', 'password3030', 1, '4567-8901-2345', 1),
('V142', 'password4040', 1, '5678-9012-3456', 1),
('V143', 'password5050', 1, '6789-0123-4567', 1),
('V144', 'password6060', 1, '7890-1234-5678', 1),
('V145', 'password7070', 1, '8901-2345-6789', 1),
('V146', 'password8080', 1, '9012-3456-7890', 1);

-- Insert Candidate data - Fixed to only use CNICs that exist in the Voter table
INSERT INTO Candidate (CandidateID, CNIC, CandidateTypeID, PartyID, ElectionID, DistrictID) VALUES
(1005, '3520-1345-9877', 100, 11, 200, 234),
(1006, '4210-7895-2346', 101, 12, 200, 235),
(1007, '3310-8855-6678', 100, 13, 200, 234),
(1008, '4310-5555-3345', 101, 14, 200, 235),
(1009, '3120-9087-1123', 100, 11, 200, 234),
(1010, '4200-5674-3342', 101, 12, 200, 235),
(1011, '3321-5445-9989', 100, 13, 200, 234),
(1012, '3412-6754-9989', 101, 14, 200, 235),
(1013, '3564-8392-1291', 100, 11, 200, 234),
(1014, '4219-9874-6453', 101, 12, 200, 235),
(1015, '4532-7654-1235', 100, 13, 200, 234),
(1016, '5678-3211-8766', 101, 14, 200, 235),
(1017, '6789-2345-1123', 100, 11, 200, 234),
(1018, '7890-5678-9013', 101, 12, 200, 235),
(1019, '8901-2345-6790', 100, 13, 200, 234),
(1020, '9012-3456-7891', 101, 14, 200, 235),
(1021, '1122-2334-4456', 100, 11, 200, 234),
(1022, '2233-4455-6678', 101, 15, 200, 235),
(1023, '3321-5445-9990', 100, 13, 200, 234),
(1024, '4422-5566-7788', 101, 12, 200, 235),
(1025, '1234-5678-9012', 100, 11, 200, 234),
(1026, '2345-6789-0123', 101, 12, 200, 235),
(1027, '3456-7890-1234', 100, 13, 200, 234),
(1028, '4567-8901-2345', 101, 14, 200, 235),
(1029, '5678-9012-3456', 100, 11, 200, 234),
(1030, '6789-0123-4567', 101, 12, 200, 235);

-- Insert Vote data - Fixed to only use VoterIDs that exist in the UserAccount table
INSERT INTO Vote (VoteID, VoterID, PartyID, CandidateID, DistrictID, Def_Password, PasswordEntered) VALUES
('A5', 'V119', 11, 1005, 234, 'password000', 'password000'),
('A6', 'V120', 12, 1006, 235, 'password111', 'password111'),
('A7', 'V121', 13, 1007, 234, 'password222', 'password222'),
('A8', 'V122', 14, 1008, 235, 'password333', 'password333'),
('A9', 'V123', 11, 1009, 234, 'password444', 'password444'),
('A10', 'V124', 12, 1010, 235, 'password555', 'password555'),
('A11', 'V125', 13, 1011, 234, 'password666', 'password666'),
('A12', 'V126', 14, 1012, 235, 'password777', 'password777'),
('A13', 'V127', 11, 1013, 234, 'password888', 'password888'),
('A14', 'V128', 12, 1014, 235, 'password999', 'password999'),
('A15', 'V129', 13, 1015, 234, 'password0001', 'password0001'),
('A16', 'V130', 14, 1016, 235, 'password1111', 'password1111'),
('A17', 'V131', 11, 1017, 234, 'password2222', 'password2222'),
('A18', 'V132', 12, 1018, 235, 'password3333', 'password3333'),
('A19', 'V133', 13, 1019, 234, 'password4444', 'password4444'),
('A20', 'V134', 14, 1020, 235, 'password5555', 'password5555'),
('A21', 'V135', 11, 1021, 234, 'password6666', 'password6666'),
('A22', 'V136', 15, 1022, 235, 'password7777', 'password7777'),
('A23', 'V137', 13, 1023, 234, 'password8888', 'password8888'),
('A24', 'A100', 12, 1024, 235, 'admin123', 'admin123'),
('A25', 'V138', 11, 1025, 234, 'password9999', 'password9999'),
('A26', 'V139', 12, 1026, 235, 'password1010', 'password1010'),
('A27', 'V140', 13, 1027, 234, 'password2020', 'password2020'),
('A28', 'V141', 14, 1028, 235, 'password3030', 'password3030'),
('A29', 'V142', 11, 1029, 234, 'password4040', 'password4040'),
('A30', 'V143', 12, 1030, 235, 'password5050', 'password5050');

-- Insert Result data
INSERT INTO Result (CandidateID, PartyID, DistrictID, Vote_Count) VALUES
(1005, 11, 234, 450),
(1006, 12, 235, 350),
(1007, 13, 234, 400),
(1008, 14, 235, 250),
(1009, 11, 234, 470),
(1010, 12, 235, 340),
(1011, 13, 234, 390),
(1012, 14, 235, 280),
(1013, 11, 234, 460),
(1014, 12, 235, 330),
(1015, 13, 234, 380),
(1016, 14, 235, 270),
(1017, 11, 234, 450),
(1018, 12, 235, 320),
(1019, 13, 234, 370),
(1020, 14, 235, 260),
(1021, 11, 234, 440),
(1022, 15, 235, 310),
(1023, 13, 234, 360),
(1024, 12, 235, 300),
(1025, 11, 234, 480),
(1026, 12, 235, 290),
(1027, 13, 234, 410),
(1028, 14, 235, 230),
(1029, 11, 234, 490),
(1030, 12, 235, 280);